feature,mean_abs_shap
UNITSTOTAL,1.3048424632134148
LOG_UNITS,0.5072465916483524
ANNUALCLAIMAMOUNT,0.33272279029783997
UNITS_PER_AGE,0.1564807170310033
COMPLICATIONDEVELOPMENT_NO_COMPLICATION,0.13538096625914445
AGE,0.1272604293178799
LOG_CLAIM,0.12043057495681858
CLAIM_PER_UNIT,0.11745546754179667
DIAGNOSIS_HYPERTENSION,0.06696035535128869
CLAIM_RATIO,0.061268419223301895
GENDER_M,0.023252099789597133
ANNUALCONTRIBUTION,0.022886222783994405
COMORBIDITY_NO_COMORBIDITY,0.012136810361091568
LOG_CONTRIB,0.010057096255817275
COVERTYPE_STANDARD,0.007135452683092561
SCHEMETYPE_PREMIUM,0.0013487382012895095
SCHEMETYPE_MEDIUM,0.000968149846335748
