fitur,mean_abs,signed_mean,arah
UNITSTOTAL,1.3048424632134172,0.049298498337412976,"Spearman(nilai fitur, SHAP) = +0.89"
LOG_UNITS,0.5072465916483513,0.019738152722660336,"Spearman(nilai fitur, SHAP) = +0.89"
ANNUALCLAIMAMOUNT,0.33272279029784,0.007812267097734648,"Spearman(nilai fitur, SHAP) = +0.96"
UNITS_PER_AGE,0.1564807170310031,-0.0021390579282299085,"Spearman(nilai fitur, SHAP) = +0.82"
COMPLICATIONDEVELOPMENT_NO_COMPLICATION,0.13538096625914425,0.015069784454423826,nilai=1: +0.083 (n=4361) | nilai=0: -0.638 (n=454)
AGE,0.1272604293178797,-0.007420743202895745,"Spearman(nilai fitur, SHAP) = +0.83"
LOG_CLAIM,0.1204305749568181,0.003970036750526258,"Spearman(nilai fitur, SHAP) = +0.96"
CLAIM_PER_UNIT,0.11745546754179688,-0.02350614650955996,"Spearman(nilai fitur, SHAP) = -0.09"
DIAGNOSIS_HYPERTENSION,0.06696035535128848,0.006263320901249007,nilai=1: +0.044 (n=3886) | nilai=0: -0.152 (n=929)
CLAIM_RATIO,0.061268419223301826,-0.0012275256004038134,"Spearman(nilai fitur, SHAP) = +0.72"
GENDER_M,0.023252099789597133,0.0005025201592334675,nilai=1: -0.021 (n=2557) | nilai=0: +0.025 (n=2258)
ANNUALCONTRIBUTION,0.02288622278399443,-0.002614148303538971,"Spearman(nilai fitur, SHAP) = +0.46"
COMORBIDITY_NO_COMORBIDITY,0.012136810361091542,-0.0038208129741488365,nilai=1: -0.011 (n=3435) | nilai=0: +0.014 (n=1380)
LOG_CONTRIB,0.01005709625581729,-0.0016784467381043327,"Spearman(nilai fitur, SHAP) = +0.39"
COVERTYPE_STANDARD,0.007135452683092537,0.0003738568046994072,nilai=1: +0.004 (n=3839) | nilai=0: -0.015 (n=976)
SCHEMETYPE_PREMIUM,0.001348738201289511,1.584302197742111e-05,nilai=1: +0.001 (n=3547) | nilai=0: -0.003 (n=1268)
SCHEMETYPE_MEDIUM,0.0009681498463357487,-2.712690490743492e-07,nilai=1: -0.002 (n=1055) | nilai=0: +0.001 (n=3760)
